<?xml version="1.0" encoding="UTF-8" ?>
<!DOCTYPE ini-file PUBLIC "-//MAXPROGRAMS//Converters 2.0.0//EN" "configuration.dtd" >
<ini-file><tag hard-break="segment">Story</tag>
<tag hard-break="segment" keep-format="yes">title</tag>
<tag ctype="x-bold" hard-break="inline" keep-format="yes">bold</tag>
<tag ctype="x-italic" hard-break="inline" keep-format="yes">italic</tag>
<tag hard-break="segment">para</tag>
<tag ctype="x-underlined" hard-break="inline" keep-format="yes">underline</tag>
</ini-file>
