<?xml version="1.0" encoding="UTF-8"?>
<catalog xmlns="urn:oasis:names:tc:entity:xmlns:xml:catalog">
<!--DITA Subject Classification Domain-->

   <public publicId="-//OASIS//ELEMENTS DITA 1.3 Subject Classification Domain//EN"
           uri="dtd/classifyDomain.mod"/>
   <public publicId="-//OASIS//ELEMENTS DITA Subject Classification Domain//EN"
           uri="dtd/classifyDomain.mod"/>
   <!-- DITA 1.3 Errata 01:
        Following two public IDs match the pattern used in 1.2, preceding pattern is used in 1.3, both should resolve. -->
   <public publicId="-//OASIS//ELEMENTS DITA Map Subject Classification Domain//EN"
           uri="dtd/classifyDomain.mod"/>
   <public publicId="-//OASIS//ELEMENTS DITA 1.3 Map Subject Classification Domain//EN"
           uri="dtd/classifyDomain.mod"/>
   <public publicId="-//OASIS//ENTITIES DITA 1.3 Subject Classification Domain//EN"
           uri="dtd/classifyDomain.ent"/>
   <public publicId="-//OASIS//ENTITIES DITA Subject Classification Domain//EN"
           uri="dtd/classifyDomain.ent"/>
   <public publicId="-//OASIS//DTD DITA 1.3 Subject Scheme Map//EN"
           uri="dtd/subjectScheme.dtd"/>
   <public publicId="-//OASIS//DTD DITA Subject Scheme Map//EN"
           uri="dtd/subjectScheme.dtd"/>
   <public publicId="-//OASIS//ELEMENTS DITA 1.3 Subject Scheme Map//EN"
           uri="dtd/subjectScheme.mod"/>
   <public publicId="-//OASIS//ELEMENTS DITA Subject Scheme Map//EN"
           uri="dtd/subjectScheme.mod"/>
   <public publicId="-//OASIS//ENTITIES DITA 1.3 Subject Scheme Map//EN"
           uri="dtd/subjectScheme.ent"/>
   <public publicId="-//OASIS//ENTITIES DITA Subject Scheme Map//EN"
           uri="dtd/subjectScheme.ent"/>
</catalog>
